hallTicket,subjectCode
22CS486,SUB014
22ME051,SUB018
22EC396,SUB016
22CI081,SUB020
22ME158,SUB002
22EE264,SUB008
22EC338,SUB003
22ME014,SUB019
22CS032,SUB001
22CS408,SUB006
22ME062,SUB009
22ME251,SUB020
22EC204,SUB006
22EE485,SUB019
22EE308,SUB011
22CS003,SUB015
22CI052,SUB018
22CS032,SUB016
22EE178,SUB008
22ME014,SUB010
22ME477,SUB019
22EE115,SUB001
22ME416,SUB008
22EC278,SUB011
22EC317,SUB017
22EC343,SUB002
22EE456,SUB013
22EE318,SUB007
22EE417,SUB001
22CS222,SUB014
22ME302,SUB005
22CS032,SUB010
22CS355,SUB014
22EC167,SUB001
22CS486,SUB003
22EE228,SUB019
22CI033,SUB019
22CI009,SUB005
22CI120,SUB013
22EC167,SUB007
22CS142,SUB015
22CS447,SUB016
22EE361,SUB013
22CI491,SUB009
22CI323,SUB004
22EE443,SUB002
22EE308,SUB017
22EE072,SUB002
22EE100,SUB018
22CI334,SUB017
22CS203,SUB004
22CI334,SUB018
22ME327,SUB011
22CS165,SUB003
22ME374,SUB004
22EC418,SUB010
22EE193,SUB005
22EE485,SUB017
22CI287,SUB013
22EE119,SUB009
22EE156,SUB011
22EC097,SUB011
22EE368,SUB003
22CS165,SUB005
22EE410,SUB007
22EE037,SUB005
22CI419,SUB014
22CI073,SUB009
22CI428,SUB013
22CI432,SUB015
22CS256,SUB004
22ME266,SUB005
22EC399,SUB002
22ME477,SUB020
22ME392,SUB013
22EC227,SUB019
22ME320,SUB006
22CI494,SUB003
22EE488,SUB020
22CS377,SUB010
22ME036,SUB018
22CI208,SUB012
22ME110,SUB006
22EE079,SUB012
22EE060,SUB016
22CS092,SUB006
22EC097,SUB005
22EE261,SUB007
22EC476,SUB003
22ME370,SUB002
22EC102,SUB010
22EE060,SUB009
22EE186,SUB006
22EE488,SUB010
22EE344,SUB018
22CI012,SUB017
22ME070,SUB019
22CI087,SUB017
22ME237,SUB005
22EC315,SUB019
22CI434,SUB004
22CS109,SUB007
22EE117,SUB010
22CS149,SUB014
22ME123,SUB010
22EE484,SUB007
22CI067,SUB003
22CS007,SUB017
22ME416,SUB013
22CI273,SUB012
22EE246,SUB010
22CS143,SUB003
22EE368,SUB016
22EC497,SUB003
22EC281,SUB002
22CS453,SUB009
22CI280,SUB018
22EE368,SUB008
22CS447,SUB019
22EC250,SUB017
22EC495,SUB011
22EC162,SUB002
22EE228,SUB013
22EC006,SUB008
22CI336,SUB017
22CI395,SUB018
22CI065,SUB002
22ME058,SUB012
22EE115,SUB006
22CI147,SUB015
22EE356,SUB002
22EE430,SUB013
22EE330,SUB017
22EC300,SUB013
22CI074,SUB002
22CI500,SUB016
22ME017,SUB020
22EE308,SUB020
22EE060,SUB011
22CI235,SUB006
22EC068,SUB011
22CI269,SUB013
22EC388,SUB005
22EE425,SUB004
22CS134,SUB016
22EC497,SUB005
22CI412,SUB007
22ME004,SUB017
22CS309,SUB003
22ME414,SUB019
22CS322,SUB008
22CI331,SUB014
22CS424,SUB005
22EE368,SUB002
22EC388,SUB008
22CI248,SUB011
22CS032,SUB015
22CS003,SUB020
22ME450,SUB011
22CI500,SUB019
22CI286,SUB008
22ME070,SUB013
22EC497,SUB020
22EE365,SUB012
22EE445,SUB002
22EE394,SUB002
22EE229,SUB011
22CI491,SUB007
22ME084,SUB002
22ME363,SUB014
22EE437,SUB010
22CI052,SUB013
22EC464,SUB019
22CI089,SUB007
22CI259,SUB011
22EE080,SUB013
22CI111,SUB013
22ME478,SUB001
22CI492,SUB002
22CS142,SUB007
22ME414,SUB013
22EC396,SUB011
22CI052,SUB015
22EE452,SUB007
22CS307,SUB010
22ME240,SUB019
22CI323,SUB010
22EC184,SUB008
22ME374,SUB002
22CS034,SUB007
22CS453,SUB014
22EC231,SUB019
22EE394,SUB013
22ME014,SUB008
22CI168,SUB017
22CS003,SUB002
22EE401,SUB018
22EC195,SUB014
22CS447,SUB011
22EC106,SUB009
22CI073,SUB004
22EC317,SUB013
22CI286,SUB012
22ME151,SUB003
22ME416,SUB004
22EC300,SUB015
22CI217,SUB005
22EE234,SUB002
22CI147,SUB019
22ME049,SUB010
22EC097,SUB006
22EE031,SUB007
22ME196,SUB001
22EC278,SUB016
22EE330,SUB005
22EE329,SUB001
22CI345,SUB016
22CS467,SUB016
22CI494,SUB011
22CS328,SUB007
22ME155,SUB003
22EC279,SUB014
22EE178,SUB007
22ME016,SUB009
22CI402,SUB015
22EE140,SUB010
22CS498,SUB002
22CI483,SUB007
22EC380,SUB010
22CI340,SUB011
22EC442,SUB009
22CS143,SUB006
22EE210,SUB013
22EE180,SUB020
22EC312,SUB014
22EC157,SUB011
22EE347,SUB020
22CS451,SUB014
22CS409,SUB003
22ME181,SUB005
22ME047,SUB012
22CS173,SUB009
22EC263,SUB016
22CI385,SUB008
22CS143,SUB009
22EC200,SUB013
22CS165,SUB020
22EE245,SUB005
22CS441,SUB019
22CS424,SUB003
22EE114,SUB008
22EC250,SUB011
22CS459,SUB011
22EE209,SUB020
22EE290,SUB005
22ME237,SUB009
22EE430,SUB015
22CS322,SUB015
22EE421,SUB011
22EE488,SUB009
22EE228,SUB006
22CS099,SUB012
22CI217,SUB013
22EE264,SUB007
22EE368,SUB019
22EC102,SUB014
22CS429,SUB010
22EE037,SUB002
22CS342,SUB009
22EE229,SUB012
22EC263,SUB015
22EE290,SUB006
22CI067,SUB019
22CS459,SUB008
22CI337,SUB009
22CS101,SUB016
22ME129,SUB002
22CI166,SUB005
22CI095,SUB009
22EC353,SUB019
22ME306,SUB014
22CS112,SUB009
22CI039,SUB018
22CI273,SUB009
22ME213,SUB009
22EE387,SUB014
22CI039,SUB020
22EE104,SUB013
22EE018,SUB007
22CS191,SUB011
22CS092,SUB002
22EC378,SUB019
22EC148,SUB016
22CS101,SUB004
22EC136,SUB001
22CS221,SUB005
22EE461,SUB004
22EC192,SUB016
22CI458,SUB001
22CI385,SUB001
22CS309,SUB014
22EC188,SUB003
22EC438,SUB005
22EC249,SUB016
22EC097,SUB008
22ME239,SUB016
22EE043,SUB016
22ME306,SUB003
22CS003,SUB016
22CS069,SUB007
22EC167,SUB019
22CI028,SUB017
22CI433,SUB002
22CS386,SUB018
22ME023,SUB015
22ME240,SUB001
22EC343,SUB017
22CS007,SUB013
22EC163,SUB015
22CS022,SUB020
22CS130,SUB018
22EC278,SUB009
22CI384,SUB017
22ME463,SUB010
22ME266,SUB017
22ME004,SUB012
22EE115,SUB016
22EC479,SUB016
22ME407,SUB018
22ME403,SUB016
22EE344,SUB014
22ME439,SUB015
22EC279,SUB012
22EE082,SUB014
22CS386,SUB013
22ME196,SUB013
22EC188,SUB018
22EC440,SUB012
22ME049,SUB017
22CI269,SUB012
22EE481,SUB011
22EC263,SUB003
22ME254,SUB018
22EC263,SUB004
22ME277,SUB010
22CI012,SUB019
22EC341,SUB004
22CS219,SUB005
22EC152,SUB019
22ME301,SUB001
22ME046,SUB009
22ME110,SUB011
22ME138,SUB011
22EE225,SUB003
22ME014,SUB018
22EE128,SUB006
22CI208,SUB008
22CS134,SUB014
22CI009,SUB014
22ME205,SUB008
22EE100,SUB008
22ME144,SUB005
22EE169,SUB015
22EC162,SUB001
22EC353,SUB017
22CS258,SUB011
22CI395,SUB005
22EC137,SUB005
22EE020,SUB006
22EE153,SUB009
22CS010,SUB003
22ME254,SUB007
22EC126,SUB013
22EE484,SUB001
22EC321,SUB010
22CI354,SUB003
22CS121,SUB010
22ME460,SUB003
22EE376,SUB007
22ME439,SUB012
22EC204,SUB004
22EE001,SUB019
22EE223,SUB010
22EC233,SUB012
22CI419,SUB006
22EE365,SUB009
22CS367,SUB014
22CI039,SUB004
22ME023,SUB016
22EC423,SUB019
22EC199,SUB007
22EE305,SUB009
22EE289,SUB003
22EE225,SUB008
22ME240,SUB008
22EC413,SUB013
22EE457,SUB013
22EE368,SUB013
22ME016,SUB018
22ME450,SUB016
22CI122,SUB006
22CI323,SUB013
22ME171,SUB001
22ME382,SUB002
22EC255,SUB017
22EC152,SUB003
22EE141,SUB019
22EE347,SUB007
22CI108,SUB010
22CI145,SUB012
22EE179,SUB017
22EC124,SUB012
22EC075,SUB001
22CS359,SUB016
22EE066,SUB011
22EE179,SUB003
22CS448,SUB013
22CI259,SUB008
22EE198,SUB008
22CI029,SUB007
22CS230,SUB009
22ME027,SUB012
22EE445,SUB003
22EC152,SUB009
22EE365,SUB002
22CI029,SUB014
22EC249,SUB004
22CI217,SUB006
22CS332,SUB004
22EC479,SUB008
22ME138,SUB002
22CI174,SUB005
22ME293,SUB009
22ME215,SUB006
22CI280,SUB014
22CI333,SUB003
22CS101,SUB005
22EC497,SUB004
22CI087,SUB008
22CS339,SUB016
22EC247,SUB011
22EE128,SUB005
22EC097,SUB019
22EE410,SUB009
22EE366,SUB008
22CI390,SUB006
22CI468,SUB004
22CS360,SUB020
22ME110,SUB017
22CS034,SUB003
22EC440,SUB016
22EC380,SUB013
22EC279,SUB016
22EE264,SUB015
22EC317,SUB016
22ME023,SUB002
22CS025,SUB007
22CS112,SUB010
22EC279,SUB006
22EE324,SUB013
22CS339,SUB004
22CI168,SUB016
22ME181,SUB019
22CI095,SUB019
22CS005,SUB003
22CS048,SUB008
22ME051,SUB015
22EE024,SUB004
22CS409,SUB014
22EC341,SUB014
22CI166,SUB001
22CI107,SUB006
22CI029,SUB003
22CI280,SUB016
22CI009,SUB020
22CS411,SUB003
22EC300,SUB006
22EE008,SUB005
22EE104,SUB020
22CS360,SUB007
22ME129,SUB001
22CI449,SUB017
22CS309,SUB004
22EC476,SUB012
22CI412,SUB014
22EC260,SUB014
22EE472,SUB005
22ME265,SUB007
22EC353,SUB003
22EE466,SUB020
22ME414,SUB010
22CI295,SUB004
22ME189,SUB006
22CI044,SUB007
22EC312,SUB016
22CS025,SUB010
22CI073,SUB012
22CI426,SUB015
22CI053,SUB006
22EE268,SUB020
22ME277,SUB013
22ME196,SUB018
22EC462,SUB016
22ME471,SUB015
22CS142,SUB018
22EC200,SUB003
22CS026,SUB007
22CI269,SUB002
22EE011,SUB007
22EC249,SUB013
22CS219,SUB004
22CI385,SUB002
22CI021,SUB012
22ME391,SUB011
22CI147,SUB001
22EE117,SUB008
22EC255,SUB020
22EE037,SUB018
22CI241,SUB008
22CI235,SUB017
22CI331,SUB015
22EC199,SUB003
22EE465,SUB006
22ME439,SUB006
22CI212,SUB017
22CS030,SUB009
22EE020,SUB014
22EC238,SUB007
22EC479,SUB012
22EE488,SUB012
22CI426,SUB002
22EE060,SUB013
22CI426,SUB020
22EE178,SUB013
22EE061,SUB006
22EC184,SUB017
22EC312,SUB008
22ME016,SUB019
22ME391,SUB020
22EE290,SUB013
22EE274,SUB007
22CI428,SUB016
22EC335,SUB018
22ME327,SUB003
22EE481,SUB018
22CS221,SUB019
22CI395,SUB004
22CS022,SUB011
22ME298,SUB015
22CI333,SUB001
22CI073,SUB016
22EE011,SUB019
22EC380,SUB001
22CI232,SUB002
22ME392,SUB001
22EE050,SUB003
22EC351,SUB003
22EE474,SUB012
22EE445,SUB010
22EC311,SUB007
22EE141,SUB013
22EE182,SUB016
22ME292,SUB009
22EC249,SUB019
22EC200,SUB017
22ME364,SUB013
22EE252,SUB005
22EC160,SUB003
22EC096,SUB014
22EC281,SUB010
22EC159,SUB001
22CS176,SUB017
22CS176,SUB014
22EE076,SUB004
22ME036,SUB003
22CI354,SUB006
22CS453,SUB007
22EE456,SUB001
22EC106,SUB010
22CI449,SUB018
22EC343,SUB004
22EC255,SUB001
22EE291,SUB020
22CI168,SUB014
22CS030,SUB010
22CS026,SUB006
22EC423,SUB012
22EE180,SUB018
22EE387,SUB020
22ME416,SUB001
22EE246,SUB008
22EC464,SUB006
22CS328,SUB001
22EE267,SUB004
22EC476,SUB018
22CI174,SUB004
22ME382,SUB007
22CS429,SUB020
22CI108,SUB009
22EC479,SUB018
22EC315,SUB001
22EE274,SUB012
22EE484,SUB014
22ME046,SUB005
22ME371,SUB009
22ME063,SUB005
22EC263,SUB019
22CI285,SUB006
22EE072,SUB016
22CS441,SUB013
22EC057,SUB016
22CS025,SUB014
22EC068,SUB006
22CI174,SUB017
22CI105,SUB019
22EC383,SUB012
22CI044,SUB005
22EC135,SUB001
22EC163,SUB019
22ME304,SUB019
22EE131,SUB005
22EC041,SUB017
22ME240,SUB015
22CS377,SUB005
22EE490,SUB020
22CS498,SUB014
22EE268,SUB013
22EC200,SUB010
22ME194,SUB006
22EC057,SUB012
22EC056,SUB009
22EC056,SUB002
22ME151,SUB006
22ME407,SUB013
22ME320,SUB013
22CS176,SUB020
22EE131,SUB018
22ME084,SUB019
22CS109,SUB016
22EE113,SUB005
22EC013,SUB005
22CS098,SUB003
22CS190,SUB017
22CS415,SUB014
22ME478,SUB004
22CI122,SUB002
22ME138,SUB017
22CS191,SUB016
22CS386,SUB001
22EE452,SUB003
22EE082,SUB011
22CS150,SUB018
22EE225,SUB004
22ME027,SUB020
22CS448,SUB005
22CS093,SUB008
22EE472,SUB018
22EE128,SUB010
22EE394,SUB019
22ME304,SUB008
22EE344,SUB013
22EC380,SUB004
22EE228,SUB002
22ME086,SUB016
22CI500,SUB009
22CI428,SUB011
22EE038,SUB008
22CS453,SUB017
22CI177,SUB013
22EE210,SUB005
22EC236,SUB012
22ME350,SUB017
22CI028,SUB019
22EE274,SUB002
22EC299,SUB002
22ME213,SUB020
22EE119,SUB001
22EC442,SUB002
22EE115,SUB002
22CI402,SUB003
22CS498,SUB018
22CS230,SUB017
22ME070,SUB001
22ME371,SUB013
22ME454,SUB014
22CS389,SUB018
22EC462,SUB006
22ME243,SUB005
22CS326,SUB009
22CI177,SUB012
22EE264,SUB013
22CS142,SUB011
22EE225,SUB015
22CS319,SUB006
22CS030,SUB002
22EE472,SUB017
22CS003,SUB018
22CI089,SUB019
22CS377,SUB011
22EE487,SUB006
22EC200,SUB020
22CI345,SUB003
22CS022,SUB008
22EE394,SUB017
22EE365,SUB008
22CI402,SUB014
22EE274,SUB016
22CI217,SUB016
22ME431,SUB012
22CS486,SUB006
22CS054,SUB009
22ME391,SUB013
22ME460,SUB012
22ME292,SUB008
22CI208,SUB010
22CS150,SUB015
22CI310,SUB018
22EC455,SUB005
22CS276,SUB006
22EE272,SUB012
22CI285,SUB001
22EC300,SUB014
22ME004,SUB009
22EE257,SUB015
22CI449,SUB014
22ME237,SUB012
22CS319,SUB011
22ME364,SUB010
22EE305,SUB010
22ME211,SUB013
22CS010,SUB019
22CS360,SUB008
22CI147,SUB010
22CI089,SUB003
22ME302,SUB011
22CI019,SUB012
22ME243,SUB006
22EC006,SUB010
22EC418,SUB013
22EE406,SUB011
22EC059,SUB012
22CI313,SUB004
22CI295,SUB020
22CI280,SUB017
22CS447,SUB005
22ME320,SUB017
22ME046,SUB011
22CS448,SUB006
22EE487,SUB005
22CS150,SUB001
22CS078,SUB007
22EC238,SUB020
22CI089,SUB015
22CS191,SUB002
22ME086,SUB008
22EC284,SUB012
22EC231,SUB016
22ME363,SUB015
22EC338,SUB008
22ME036,SUB014
22EC282,SUB014
22ME460,SUB004
22CS451,SUB008
22CI201,SUB015
22CI085,SUB018
22EC315,SUB006
22CI419,SUB015
22CI469,SUB011
22EE060,SUB017
22EE318,SUB004
22CI108,SUB006
22EC148,SUB002
22EE290,SUB020
22EE401,SUB016
22CI273,SUB003
22EC172,SUB001
22EE076,SUB019
22EE272,SUB014
22CS101,SUB014
22EE141,SUB001
22EE425,SUB017
22CS094,SUB017
22EC442,SUB020
22CS467,SUB017
22CS150,SUB010
22ME327,SUB017
22EE466,SUB018
22CS203,SUB013
22CS355,SUB008
22CS022,SUB018
22EE430,SUB010
22EE083,SUB003
22EC444,SUB007
22EC157,SUB005
22EE055,SUB008
22CS048,SUB012
22EC250,SUB007
22CI412,SUB018
22ME015,SUB006
22EC157,SUB016
22ME046,SUB006
22EC167,SUB003
22EC393,SUB013
22CS359,SUB019
22EC435,SUB013
22EE436,SUB015
22EE484,SUB012
22CI316,SUB006
22EE018,SUB019
22EC227,SUB007
22CS451,SUB005
22EE398,SUB003
22CI287,SUB017
22CI295,SUB001
22CI019,SUB010
22EE324,SUB019
22CI127,SUB012
22EC184,SUB019
22EE061,SUB018
22EE156,SUB010
22EC204,SUB019
22CS203,SUB002
22EE061,SUB014
22CI286,SUB015
22EE186,SUB005
22ME265,SUB005
22EC218,SUB010
22CI468,SUB001
22CI426,SUB013
22EC369,SUB018
22CS275,SUB004
22CS424,SUB004
22EE066,SUB006
22EE128,SUB011
22CI500,SUB017
22EC195,SUB016
22EC388,SUB004
22CS415,SUB016
22ME051,SUB001
22CI217,SUB010
22EE223,SUB018
22EC262,SUB014
22CS170,SUB011
22CS030,SUB014
22EC299,SUB013
22CS175,SUB005
22CI226,SUB008
22EC281,SUB014
22EE178,SUB011
22EC476,SUB011
22CI033,SUB010
22ME062,SUB005
22CI303,SUB005
22ME023,SUB017
22EE329,SUB006
22CI287,SUB004
22CS355,SUB007
22CI065,SUB020
22EC462,SUB020
22EE436,SUB002
22CI039,SUB005
22EC195,SUB011
22EE268,SUB010
22ME215,SUB005
22EE076,SUB003
22EE344,SUB007
22EC154,SUB002
22CI468,SUB014
22EC317,SUB006
22CS367,SUB018
22CS203,SUB018
22CI177,SUB019
22CI362,SUB005
22EC455,SUB017
22EE246,SUB005
22EE437,SUB012
22ME129,SUB007
22ME450,SUB013
22EC255,SUB018
22EC124,SUB020
22EE443,SUB020
22CS165,SUB015
22EE487,SUB002
22EE410,SUB016
22CI428,SUB017
22ME499,SUB014
22CS230,SUB018
22CS098,SUB009
22CS022,SUB012
22EC136,SUB015
22EE358,SUB016
22EE024,SUB017
22EE060,SUB007
22CI310,SUB014
22ME298,SUB001
22ME392,SUB009
22EC343,SUB013
22CI426,SUB003
22CI500,SUB003
22CS130,SUB020
22EE209,SUB013
22CI241,SUB018
22CS003,SUB012
22EC351,SUB018
22ME133,SUB006
22EE113,SUB007
22ME240,SUB018
22EE161,SUB014
22CI333,SUB011
22EE485,SUB011
22ME251,SUB008
22EE180,SUB012
22EC476,SUB013
22EE141,SUB003
22CS258,SUB008
22ME239,SUB009
22EE472,SUB013
22EC263,SUB014
22EE356,SUB013
22ME372,SUB012
22CI345,SUB005
22CI073,SUB001
22CI065,SUB014
22EC090,SUB003
22CI419,SUB019
22CS459,SUB001
22EC247,SUB004
22EC497,SUB015
22ME189,SUB012
22CI214,SUB014
22EE484,SUB016
22CI248,SUB004
22EE308,SUB008
22CS022,SUB014
22EC315,SUB016
22ME375,SUB016
22EC312,SUB002
22CS092,SUB003
22CI089,SUB002
22CI333,SUB020
22EE466,SUB013
22CS489,SUB017
22EC317,SUB008
22CI226,SUB019
22CS256,SUB017
22EE366,SUB002
22EE113,SUB009
22CI241,SUB001
22EE011,SUB008
22CS415,SUB017
22CS078,SUB019
22ME205,SUB015
22EE037,SUB016
22CS022,SUB009
22ME292,SUB013
22EC314,SUB016
22EE225,SUB013
22EC139,SUB012
22ME058,SUB008
22ME302,SUB016
22CS092,SUB018
22CI108,SUB013
22CI012,SUB004
22CS480,SUB004
22EC455,SUB014
22ME416,SUB010
22CI053,SUB005
22CS475,SUB009
22EE140,SUB003
22EE261,SUB011
22ME327,SUB012
22EE452,SUB001
22EE376,SUB018
22EC353,SUB016
22CI357,SUB019
22ME205,SUB009
22CS480,SUB001
22CI081,SUB002
22ME017,SUB005
22EC159,SUB003
22CS007,SUB003
22ME004,SUB016
22CS441,SUB012
22CI357,SUB010
22CI074,SUB017
22EC311,SUB015
22ME251,SUB007
22ME302,SUB006
22CS164,SUB011
22EE153,SUB012
22CI201,SUB008
22CS409,SUB015
22EC284,SUB013
22ME382,SUB017
22CI325,SUB007
22CI362,SUB002
22EC420,SUB019
22EE373,SUB006
22CI053,SUB003
22EC462,SUB010
22CI333,SUB010
22CS116,SUB017
22EC247,SUB013
22CS032,SUB014
22CI323,SUB007
22CI065,SUB017
22ME363,SUB013
22EE324,SUB011
22CS367,SUB004
22EE246,SUB012
22CI183,SUB001
22CI122,SUB003
22CS408,SUB014
22EE461,SUB009
22CI208,SUB019
22EE268,SUB003
22ME014,SUB016
22ME301,SUB006
22CI029,SUB005
22CI336,SUB016
22EC199,SUB011
22EC162,SUB011
22CS326,SUB013
22ME471,SUB016
22EC250,SUB019
22CS307,SUB013
22CI214,SUB010
22CI271,SUB011
22CI071,SUB011
22CI500,SUB012
22EE080,SUB014
22ME133,SUB019
22CS275,SUB014
22CS493,SUB008
22CI145,SUB002
22CS099,SUB014
22EC311,SUB004
22EE361,SUB016
22EE050,SUB005
22EE394,SUB014
22EC479,SUB011
22EE140,SUB005
22CS026,SUB018
22EC353,SUB004
22CS040,SUB020
22EC126,SUB012
22CS099,SUB009
22ME371,SUB015
22EE209,SUB019
22EC204,SUB013
22EC184,SUB003
22ME123,SUB020
22EE198,SUB003
22EE267,SUB016
22CS307,SUB020
22CS109,SUB019
22CS170,SUB007
22EE185,SUB018
22CS489,SUB013
22CS230,SUB020
22CI412,SUB017
22EE366,SUB020
22EC172,SUB011
22EE011,SUB006
22ME045,SUB011
22EE216,SUB015
22CI074,SUB009
22ME015,SUB010
22CI232,SUB016
22ME084,SUB003
22EC152,SUB011
22CI220,SUB015
22CS064,SUB004
22CS256,SUB002
22CS493,SUB015
22EE153,SUB017
22CI183,SUB003
22EE417,SUB015
22ME375,SUB013
22EC476,SUB006
22EE347,SUB003
22CI357,SUB007
22EE417,SUB013
22EC281,SUB016
22EE100,SUB015
22EE169,SUB002
22CS389,SUB003
22CI483,SUB016
22EE376,SUB001
22CS244,SUB020
22EC282,SUB009
22EC348,SUB012
22CS322,SUB004
22CI029,SUB001
22CS190,SUB008
22CS094,SUB014
22CI226,SUB020
22CS459,SUB007
22EC479,SUB005
22CS332,SUB006
22CS170,SUB008
22CI214,SUB017
22EC399,SUB004
22CI354,SUB019
22CI052,SUB012
22EC473,SUB006
22CS032,SUB013
22CS355,SUB005
22CI212,SUB020
22CI111,SUB017
22CS339,SUB015
22EE083,SUB007
22EE472,SUB010
22EC496,SUB008
22CS034,SUB011
22EE487,SUB003
22CS322,SUB009
22ME243,SUB008
22CI483,SUB011
22EC311,SUB016
22CI021,SUB014
22ME414,SUB004
22EC106,SUB002
22CI212,SUB015
22CI340,SUB002
22CI073,SUB018
22ME133,SUB012
22EE234,SUB006
22CI402,SUB012
22CI432,SUB017
22EC157,SUB007
22EE488,SUB016
22EE179,SUB007
22CI208,SUB001
22ME103,SUB009
22EC369,SUB013
22EC200,SUB012
22CI269,SUB009
22EC381,SUB012
22ME302,SUB013
22CS164,SUB003
22ME251,SUB015
22EC369,SUB010
22CI345,SUB011
22EE169,SUB013
22EE186,SUB010
22EE330,SUB003
22CI337,SUB006
22CS451,SUB007
22ME306,SUB010
22EE131,SUB010
22CS276,SUB013
22EE466,SUB014
22CS032,SUB008
22EE376,SUB010
22ME138,SUB001
22EE115,SUB013
22CI197,SUB017
22EC250,SUB005
22EC299,SUB010
22CI357,SUB013
22EC444,SUB009
22EE141,SUB012
22ME196,SUB006
22ME392,SUB015
22EE358,SUB018
22ME237,SUB020
22EE373,SUB015
22ME171,SUB016
22CS176,SUB001
22EE161,SUB015
22CS221,SUB006
22CS493,SUB007
22ME017,SUB008
22CI107,SUB010
22CS459,SUB016
22CI071,SUB001
22CI166,SUB003
22EE114,SUB012
22CI331,SUB019
22EE366,SUB006
22EC420,SUB007
22EC423,SUB016
22CI241,SUB003
22EC192,SUB017
22CS360,SUB001
22CI323,SUB008
22EE037,SUB014
22EE185,SUB016
22ME298,SUB017
22EE368,SUB004
22CI029,SUB015
22CS003,SUB005
22EC396,SUB001
22EC444,SUB002
22CI280,SUB007
22CI145,SUB005
22EE274,SUB001
22EE246,SUB002
22EC438,SUB020
22EC090,SUB011
22CI310,SUB013
22ME363,SUB016
22EE387,SUB013
22EC455,SUB007
22CS121,SUB009
22EC260,SUB009
22CI052,SUB008
22EE358,SUB003
22EE368,SUB005
22CI085,SUB004
22ME158,SUB018
22CS459,SUB019
22ME391,SUB009
22CS319,SUB014
22CS010,SUB005
22CS143,SUB015
22EE291,SUB012
22EE038,SUB011
22ME382,SUB016
22EE490,SUB015
22CI492,SUB013
22EC159,SUB004
22EE294,SUB001
22EE425,SUB015
22CS219,SUB016
22EE224,SUB020
22CI009,SUB011
22CI395,SUB002
22CS222,SUB001
22CS022,SUB013
22EE180,SUB019
22EC353,SUB011
22CI313,SUB005
22EE156,SUB004
22CS339,SUB019
22ME350,SUB014
22CS377,SUB015
22ME363,SUB017
22EC154,SUB017
22ME478,SUB008
22CS164,SUB012
22CS222,SUB020
22CI259,SUB004
22EC369,SUB002
22EC341,SUB012
22EE228,SUB020
22EE457,SUB016
22CI273,SUB020
22ME237,SUB011
22EC464,SUB004
22ME301,SUB007
22CS493,SUB011
22EE229,SUB003
22CS389,SUB007
22EE091,SUB008
22CI208,SUB009
22EC396,SUB014
22ME045,SUB013
22ME155,SUB007
22CI220,SUB004
22EC152,SUB007
22CI029,SUB011
22EC341,SUB008
22CS244,SUB001
22CI345,SUB007
22CI132,SUB005
22CI226,SUB013
22EE457,SUB001
22ME370,SUB019
22CI432,SUB013
22CI145,SUB019
22EC167,SUB013
22EC035,SUB012
22CI039,SUB017
22CI214,SUB006
22ME375,SUB004
22EE461,SUB001
22EC383,SUB016
22CS424,SUB007
22ME320,SUB015
22EE011,SUB002
22EE267,SUB002
22ME454,SUB019
22EE406,SUB005
22EE193,SUB011
22CI412,SUB016
22EE066,SUB009
22CS121,SUB015
22CI089,SUB014
22EE466,SUB019
22EC393,SUB007
22EC260,SUB004
22CI402,SUB007
22CI384,SUB012
22CS219,SUB018
22EE356,SUB006
22EC139,SUB009
22EE185,SUB008
22ME171,SUB013
22CI039,SUB013
22EE234,SUB004
22EE352,SUB001
22CI325,SUB016
22EC381,SUB018
22EE072,SUB012
22EE272,SUB002
22EE461,SUB010
22ME049,SUB011
22ME450,SUB001
22CS480,SUB009
22EC462,SUB004
22EE425,SUB012
22CS175,SUB015
22ME129,SUB003
22EC284,SUB009
22ME375,SUB010
22CS010,SUB015
22EE246,SUB016
22ME407,SUB011
22EE242,SUB009
22CS190,SUB019
22EE443,SUB004
22EE186,SUB019
22EE330,SUB016
22EC381,SUB019
22CI397,SUB004
22EE180,SUB007
22EE365,SUB019
22EC090,SUB002
22EC279,SUB003
22ME045,SUB010
22EC378,SUB017
22CS360,SUB016
22ME470,SUB004
22EC250,SUB004
22ME237,SUB008
22CI147,SUB017
22ME277,SUB018
22CS244,SUB009
22ME045,SUB017
22CI081,SUB012
22EE329,SUB012
22EC124,SUB011
22EC393,SUB008
22EC299,SUB012
22CI111,SUB015
22EE008,SUB012
22CS360,SUB003
22EE358,SUB017
22EE365,SUB016
22EC227,SUB003
22ME086,SUB011
22EE104,SUB010
22EE305,SUB017
22CI303,SUB012
22CS007,SUB015
22EC288,SUB009
22ME189,SUB018
22EE209,SUB017
22EC418,SUB006
22EC279,SUB001
22ME382,SUB013
22CS098,SUB002
22EC013,SUB007
22CI033,SUB011
22EC348,SUB016
22CI105,SUB016
22EC192,SUB014
22ME277,SUB001
22CI067,SUB020
22CI145,SUB010
22CI220,SUB003
22EC321,SUB016
22ME302,SUB008
22CI039,SUB010
22CI280,SUB013
22CI201,SUB020
22EC263,SUB005
22EE405,SUB007
22CS005,SUB013
22CI419,SUB001
22EE264,SUB012
22EC473,SUB014
22EC440,SUB003
22EC231,SUB002
22EE091,SUB002
22EC381,SUB020
22EC418,SUB003
22CS448,SUB007
22EC159,SUB008
22EC157,SUB004
22EC139,SUB019
22CS042,SUB017
22ME015,SUB017
22EC300,SUB016
22CI419,SUB004
22CI426,SUB018
22EC479,SUB017
22EE182,SUB017
22EE261,SUB018
22EE179,SUB005
22EC059,SUB002
22EE318,SUB016
22CI469,SUB019
22EE185,SUB012
22CI303,SUB008
22CS480,SUB008
22CS475,SUB018
22EC284,SUB011
22CS480,SUB014
22CI235,SUB001
22ME138,SUB014
22EE289,SUB002
22ME103,SUB014
22CS448,SUB009
22EC279,SUB018
22CI362,SUB011
22ME016,SUB015
22CI402,SUB016
22CI012,SUB013
22EC381,SUB009
22EE430,SUB001
22CS092,SUB013
22EC188,SUB009
22EE368,SUB011
22CI316,SUB014
22ME454,SUB010
22CI491,SUB019
22CI271,SUB001
22EC442,SUB008
22CI449,SUB006
22CI285,SUB011
22EC236,SUB020
22EC006,SUB006
22EE421,SUB016
22CS003,SUB003
22CS451,SUB018
22EE141,SUB016
22CS005,SUB012
22CI012,SUB010
22CI384,SUB013
22ME058,SUB006
22EE252,SUB017
22EE082,SUB016
22CI052,SUB002
22ME251,SUB010
22EE076,SUB017
22EE193,SUB003
22CS459,SUB006
22EC282,SUB005
22CI469,SUB002
22CS093,SUB010
22CS309,SUB016
22CS411,SUB009
22EE128,SUB012
22ME391,SUB004
22ME446,SUB008
22EE229,SUB004
22EE224,SUB019
22CS493,SUB016
22CI426,SUB005
22EC154,SUB015
22EE264,SUB016
22CS453,SUB015
22ME304,SUB007
22CS078,SUB017
22EE487,SUB010
22CI012,SUB015
22EC348,SUB007
22EE401,SUB005
22EE072,SUB010
22CI483,SUB019
22CS176,SUB010
22EE198,SUB010
22EE114,SUB016
22CI500,SUB001
22ME002,SUB005
22EC464,SUB001
22CS256,SUB018
22EE452,SUB018
22EE387,SUB018
22EC418,SUB002
22ME002,SUB020
22CI428,SUB007
22EE291,SUB008
22CS099,SUB001
22EE376,SUB020
22ME392,SUB011
22ME138,SUB004
22CS453,SUB011
22CI095,SUB011
22ME239,SUB002
22CI432,SUB016
22EC311,SUB014
22EE373,SUB020
22EE425,SUB010
22CS109,SUB003
22CS230,SUB012
22CI469,SUB006
22EC438,SUB006
22EE008,SUB004
22CI107,SUB018
22CI354,SUB010
22CS389,SUB011
22EE245,SUB001
22EE224,SUB009
22EC106,SUB014
22CS448,SUB012
22EE436,SUB016
22EC315,SUB004
22CS005,SUB008
22CS130,SUB010
22CS276,SUB018
22ME251,SUB006
22EC497,SUB010
22ME123,SUB014
22EE457,SUB019
22CI145,SUB008
22EE050,SUB020
22CS093,SUB016
22EC388,SUB017
22ME292,SUB015
22CS206,SUB007
22CI354,SUB020
22CI174,SUB003
22EE001,SUB002
22ME017,SUB002
22ME133,SUB010
22CS307,SUB017
22EC440,SUB014
22ME304,SUB018
22ME062,SUB015
22EC442,SUB005
22EE445,SUB004
22EE104,SUB012
22CI287,SUB006
22EE043,SUB013
22EC006,SUB020
22CS342,SUB015
22EC462,SUB009
22CS170,SUB001
22EE330,SUB011
22CS030,SUB004
22CI108,SUB015
22EE456,SUB005
22EE457,SUB008
22EC464,SUB013
22CS332,SUB013
22EE261,SUB014
22CI433,SUB011
22EE083,SUB019
22CI458,SUB010
22CI491,SUB014
22EE104,SUB005
22EC369,SUB012
22EC399,SUB015
22EE437,SUB017
22EC284,SUB018
22EC106,SUB020
22EC335,SUB015
22CS142,SUB003
22CS048,SUB020
22EC393,SUB010
22EE324,SUB006
22ME058,SUB013
22ME277,SUB005
22ME017,SUB017
22EC163,SUB009
22EE452,SUB017
22EE289,SUB020
22EE008,SUB019
22ME391,SUB018
22CI081,SUB017
22ME477,SUB006
22EC369,SUB011
22EC462,SUB001
22EC381,SUB005
22CI053,SUB019
22CI426,SUB016
22ME027,SUB007
22EE140,SUB012
22CS480,SUB019
22ME266,SUB003
22CI021,SUB004
22CI303,SUB001
22EE466,SUB001
22ME070,SUB005
22EE207,SUB007
22EE043,SUB004
22CS125,SUB016
22EC393,SUB015
22CS258,SUB002
22EE117,SUB011
22CS424,SUB020
22CS493,SUB004
22ME205,SUB019
22ME171,SUB004
22ME302,SUB007
22CS109,SUB010
22EC495,SUB009
22EE485,SUB010
22CI071,SUB005
22EC227,SUB006
22EC399,SUB013
22CI220,SUB020
22EC299,SUB004
22CS125,SUB004
22CI226,SUB018
22CS319,SUB008
22EC172,SUB015
22CI483,SUB004
22EE104,SUB019
22CS130,SUB001
22CI500,SUB013
22EC420,SUB015
22CI197,SUB003
22EC102,SUB004
22CS078,SUB012
22EC195,SUB019
22CS467,SUB001
22EC041,SUB008
22EC159,SUB007
22ME439,SUB001
22EE179,SUB009
22CI331,SUB001
22CI009,SUB017
22EE401,SUB001
22ME375,SUB007
22ME292,SUB014
22EE008,SUB018
22CI345,SUB008
22EE456,SUB009
22CS121,SUB006
22EC137,SUB013
22CI468,SUB017
22EC427,SUB015
22CI433,SUB008
22ME320,SUB003
22EC479,SUB006
22EC068,SUB015
22CI500,SUB005
22EC482,SUB019
22EE296,SUB017
22CS244,SUB008
22CS222,SUB005
22EC250,SUB020
22EC124,SUB003
22ME374,SUB006
22ME374,SUB013
22EC455,SUB015
22CS408,SUB013
22EC136,SUB004
22ME036,SUB019
22EE037,SUB020
22ME298,SUB004
22EC270,SUB018
22EE421,SUB018
22ME251,SUB005
22CS022,SUB010
22CI021,SUB007
22EE185,SUB003
22EE410,SUB019
22CI107,SUB005
22EC427,SUB014
22EC315,SUB012
22EC263,SUB010
22CI028,SUB020
22ME205,SUB003
22ME086,SUB019
22EE457,SUB005
22CI208,SUB011
22ME450,SUB008
22EC444,SUB013
22CI285,SUB020
22CS447,SUB012
22CS010,SUB007
22CI052,SUB011
22ME058,SUB018
22CI433,SUB015
22CI271,SUB012
22CS256,SUB003
22EC200,SUB002
22CS007,SUB001
22EC420,SUB005
22ME058,SUB014
22CS191,SUB012
22EE405,SUB016
22EE261,SUB003
22ME151,SUB010
22EE289,SUB004
22ME431,SUB001
22EE252,SUB014
22EC041,SUB011
22CS125,SUB006
22EE193,SUB001
22EE445,SUB009
22EC435,SUB011
22CI088,SUB009
22CI166,SUB012
22EE072,SUB003
22EE324,SUB016
22CI340,SUB017
22EE268,SUB001
22ME416,SUB020
22CI095,SUB015
22EC341,SUB007
22CI248,SUB008
22EC124,SUB005
22EC035,SUB013
22CI127,SUB006
22CS005,SUB014
22EC418,SUB015
22EC090,SUB008
22CI397,SUB015
22CI432,SUB010
22ME213,SUB011
22EC312,SUB010
22ME086,SUB001
22CS093,SUB018
22EE178,SUB002
22CS377,SUB012
22EC167,SUB005
22CI310,SUB007
22EE291,SUB018
22CI012,SUB006
22EE297,SUB006
22EE422,SUB016
22EE330,SUB008
22EC260,SUB001
22CS451,SUB020
22ME239,SUB012
22EC247,SUB001
22ME277,SUB006
22CS326,SUB015
22EC135,SUB005
22CS447,SUB020
22ME215,SUB020
22ME237,SUB017
22EC380,SUB020
22ME363,SUB011
22EE443,SUB015
22EE484,SUB002
22CI331,SUB006
22EE296,SUB015
22ME129,SUB013
22ME213,SUB016
22EC202,SUB009
22CS219,SUB008
22CI334,SUB012
22EE156,SUB017
22CS480,SUB016
22CI295,SUB010
22CS054,SUB001
22EC162,SUB004
22EE011,SUB004
22EC282,SUB017
22ME439,SUB013
22ME036,SUB005
22EE267,SUB018
22CS078,SUB008
22CS408,SUB003
22EE141,SUB015
22CI089,SUB004
22EE072,SUB020
22ME454,SUB006
22EE465,SUB005
22EC136,SUB020
22EE198,SUB012
22ME439,SUB016
22EE115,SUB015
22EC152,SUB018
22CI500,SUB015
22EE153,SUB004
22EE169,SUB019
22CS244,SUB015
22EE318,SUB008
22EE430,SUB018
22EC335,SUB009
22CI412,SUB012
22CI166,SUB002
22ME045,SUB008
22CS415,SUB010
22EC227,SUB020
22EE216,SUB009
22EE185,SUB007
22EC413,SUB002
22ME046,SUB013
22ME046,SUB020
22EE055,SUB007
22ME002,SUB019
22EE186,SUB018
22CI494,SUB005
22EE481,SUB001
22ME254,SUB011
22ME196,SUB017
22EC218,SUB007
22EC476,SUB020
22ME253,SUB007
22EC378,SUB008
22ME293,SUB002
22EE100,SUB014
22CI419,SUB007
22ME138,SUB006
22CI232,SUB007
22CI357,SUB012
22EC279,SUB013
22CS170,SUB015
22CS429,SUB017
22EC260,SUB003
22EE153,SUB001
22EE257,SUB005
22CS025,SUB002
22EE182,SUB006
22CS328,SUB004
22CS005,SUB010
22EC200,SUB001
22EE091,SUB011
22EE234,SUB016
22CS256,SUB014
22CS078,SUB001
22CI168,SUB007
22ME181,SUB002
22CI081,SUB005
22CS307,SUB015
22EE349,SUB012
22CI295,SUB016
22EE490,SUB007
22ME454,SUB007
22CI105,SUB013
22EC260,SUB010
22EC159,SUB016
22EE245,SUB020
22EE169,SUB014
22CS493,SUB005
22CI333,SUB018
22ME370,SUB016
22EC188,SUB011
22EC250,SUB009
22CS069,SUB013
22ME014,SUB002
22ME392,SUB012
22EC476,SUB010
22EE296,SUB012
22EE001,SUB013
22EE055,SUB010
22EC124,SUB002
22CS054,SUB020
22EC378,SUB018
22CS424,SUB001
22CS206,SUB018
22EC250,SUB013
22EE169,SUB016
22ME298,SUB005
22EE113,SUB003
22EC353,SUB020
22ME414,SUB020
22EE452,SUB012
22ME392,SUB016
22EE261,SUB017
22EC312,SUB001
22CS377,SUB017
22CI316,SUB019
22EE361,SUB005
22EC126,SUB016
22EE329,SUB005
22CS099,SUB004
22EC172,SUB019
22CI009,SUB003
22EE352,SUB018
22EE229,SUB001
22ME364,SUB016
22CI029,SUB019
22CS342,SUB007
22CS099,SUB015
22EE274,SUB008
22EE417,SUB010
22EC106,SUB019
22CI212,SUB006
22EE365,SUB011
22EC338,SUB019
22ME023,SUB019
22CI248,SUB002
22CI259,SUB010
22CI183,SUB006
22EC444,SUB003
22EC227,SUB015
22CS342,SUB012
22ME407,SUB002
22EC338,SUB009
22CI028,SUB013
22ME277,SUB019
22CS367,SUB019
22EE050,SUB015
22ME320,SUB012
22ME002,SUB013
22EE104,SUB003
22EE445,SUB015
22CI217,SUB019
22EE398,SUB007
22CI357,SUB004
22CS093,SUB019
22CI458,SUB009
22ME439,SUB009
22EC281,SUB017
22EC006,SUB014
22EC279,SUB017
22EC041,SUB003
22ME407,SUB004
22EE156,SUB007
22CI107,SUB014
22EC236,SUB016
22EE465,SUB018
22EE410,SUB012
22CI087,SUB005
22EE018,SUB006
22EE008,SUB017
22EE079,SUB011
22EE421,SUB012
22EC455,SUB006
22EE186,SUB015
22ME293,SUB013
22ME047,SUB005
22EC159,SUB017
22CI331,SUB011
22CS307,SUB019
22EE037,SUB011
22CI127,SUB015
22CS173,SUB001
22CS400,SUB001
22ME454,SUB001
22EC315,SUB002
22CI384,SUB019
22EE406,SUB010
22EE376,SUB012
22EC335,SUB004
22ME123,SUB006
22EE394,SUB006
22EE484,SUB005
22CI241,SUB009
22EC348,SUB020
22CI316,SUB017
22EC442,SUB007
22EC247,SUB017
22CI183,SUB004
22CS040,SUB017
22CS322,SUB007
22CI449,SUB009
22CS092,SUB020
22EC278,SUB014
22EE456,SUB003
22EC378,SUB013
22CS098,SUB016
22ME478,SUB011
22EC204,SUB003
22EE119,SUB011
22CS386,SUB017
22EE387,SUB016
22CS411,SUB001
22CS078,SUB013
22CI428,SUB012
22CI412,SUB008
22EC288,SUB008
22ME265,SUB009
22CI337,SUB014
22EC250,SUB003
22ME460,SUB017
22ME002,SUB006
22EE245,SUB007
22CI331,SUB002
22CS173,SUB006
22CI081,SUB011
22EE257,SUB014
22EE401,SUB020
22CS069,SUB016
22CI248,SUB018
22ME391,SUB017
22EC314,SUB018
22EE430,SUB008
22ME158,SUB014
22EE066,SUB003
22ME363,SUB018
22EC440,SUB010
22EE430,SUB017
22EC473,SUB002
22CI273,SUB007
22EC097,SUB002
22EC479,SUB019
22EE349,SUB019
22ME017,SUB013
22EC068,SUB003
22CI201,SUB003
22CI132,SUB006
22EE445,SUB007
22CS489,SUB004
22CS142,SUB010
22CI241,SUB013
22ME046,SUB004
22EC341,SUB013
22EE020,SUB017
22CS411,SUB016
22EC482,SUB009
22EE461,SUB003
22CS125,SUB005
22EE324,SUB001
22EE398,SUB020
22EC283,SUB001
22EC013,SUB003
22ME254,SUB019
22EC440,SUB019
22CI073,SUB008
22EC096,SUB001
22CI177,SUB004
22CS219,SUB017
22CI197,SUB007
22ME103,SUB016
22EC172,SUB020
22EE404,SUB014
22ME171,SUB020
22CS230,SUB002
22EE366,SUB013
22CS415,SUB013
22CI248,SUB003
22EE487,SUB007
22EC199,SUB008
22ME478,SUB016
22EC455,SUB018
22EE104,SUB016
22CS093,SUB011
22CI232,SUB004
22CS130,SUB016
22EE294,SUB003
22EE461,SUB008
22ME062,SUB020
22ME391,SUB019
22CI340,SUB016
22CS206,SUB004
22ME015,SUB002
22ME350,SUB004
22EE406,SUB013
22ME239,SUB008
22CS322,SUB018
22CS408,SUB005
22EC148,SUB007
22CI147,SUB016
22CI085,SUB015
22ME379,SUB003
22CS359,SUB002
22EE242,SUB018
22ME478,SUB005
22EE216,SUB016
22ME189,SUB005
22EE225,SUB002
22CS355,SUB012
22EC035,SUB011
22EC167,SUB008
22CI494,SUB010
22EC496,SUB013
22EE179,SUB018
22CI111,SUB011
22ME254,SUB010
22EE425,SUB019
22CI468,SUB018
22CI412,SUB001
22ME292,SUB016
22CS486,SUB011
22EC013,SUB002
22EE472,SUB003
22ME239,SUB006
22CI081,SUB014
22EC314,SUB005
22CS130,SUB012
22EE060,SUB010
22EC162,SUB008
22ME047,SUB010
22EC057,SUB005
22EC202,SUB001
22ME350,SUB018
22ME110,SUB008
22EC146,SUB005
22EE394,SUB003
22CS149,SUB018
22EC270,SUB016
22ME414,SUB003
22EE210,SUB004
22CS377,SUB013
22EE091,SUB006
22CI214,SUB002
22EE466,SUB010
22EC233,SUB006
22EC167,SUB012
22CS400,SUB007
22CI346,SUB004
22ME110,SUB002
22ME372,SUB010
22EE387,SUB005
22CS307,SUB003
22CI168,SUB013
22EC279,SUB009
22CI166,SUB014
22CS459,SUB004
22CI432,SUB019
22ME375,SUB005
22ME416,SUB015
22CI340,SUB001
22CS447,SUB008
22ME301,SUB015
22CS355,SUB002
22EE290,SUB019
22EC279,SUB004
22ME045,SUB004
22ME211,SUB020
22EC270,SUB020
22EE008,SUB016
22CI029,SUB013
22EE140,SUB014
22CS276,SUB015
22EE456,SUB014
22EC137,SUB004
22EE401,SUB006
22CS170,SUB017
22EC388,SUB020
22CI469,SUB018
22CS026,SUB005
22ME023,SUB008
22EE141,SUB002
22ME196,SUB012
22EE187,SUB018
22CI494,SUB012
22CI085,SUB019
22ME374,SUB012
22ME450,SUB005
22EE050,SUB009
22ME478,SUB017
22CI019,SUB005
22CS134,SUB013
22ME470,SUB012
22CI012,SUB016
22EE481,SUB014
22EC262,SUB015
22CS170,SUB010
22EC068,SUB018
22EC479,SUB007
22CI087,SUB003
22EE252,SUB009
22EE349,SUB003
22EC442,SUB015
22EE141,SUB007
22CI346,SUB012
22CS121,SUB014
22ME499,SUB008
22EC148,SUB015
22CI067,SUB004
22EC348,SUB006
22EE128,SUB015
22ME478,SUB010
22ME301,SUB013
22CS164,SUB005
22CI287,SUB018
22EE050,SUB014
22EC075,SUB008
22CI419,SUB003
22CI390,SUB009
22CI271,SUB014
22ME063,SUB017
22EC090,SUB019
22CS173,SUB008
22EE246,SUB006
22CI088,SUB002
22CI122,SUB018
22CI483,SUB010
22CS498,SUB009
22ME363,SUB008
22CS409,SUB005
22ME138,SUB015
22EC195,SUB005
22EE481,SUB002
22EC482,SUB018
22ME133,SUB008
22CI354,SUB001
22ME015,SUB003
22CI067,SUB006
22CI331,SUB009
22EE082,SUB010
22EE024,SUB014
22EC496,SUB005
22CI201,SUB009
22EC227,SUB008
22EC284,SUB016
22EE229,SUB017
22EE410,SUB015
22CI273,SUB001
22EE228,SUB001
22ME379,SUB018
22EE080,SUB007
22CS134,SUB003
22CS489,SUB018
22CS149,SUB016
22CI419,SUB020
22CI012,SUB009
22ME364,SUB019
22EC135,SUB010
22EC418,SUB017
22CS034,SUB019
22CI095,SUB003
22EC192,SUB019
22EE405,SUB013
22ME070,SUB002
22CI067,SUB002
22CS429,SUB014
22EE187,SUB020
22ME023,SUB018
22EE456,SUB017
22EC283,SUB011
22CS040,SUB005
22EC299,SUB017
22CS360,SUB011
22CS116,SUB010
22EC218,SUB004
22EE061,SUB001
22ME036,SUB016
22CS176,SUB004
22EE490,SUB016
22EE465,SUB001
22CI019,SUB006
22EE083,SUB004
22CI029,SUB012
22EE020,SUB011
22CS377,SUB001
22CI333,SUB017
22ME372,SUB016
22EC013,SUB019
22CS441,SUB006
22ME446,SUB018
22EC442,SUB013
22EE100,SUB019
22EC380,SUB008
22EC315,SUB010
22CS367,SUB005
22EC152,SUB012
22EE465,SUB002
22EE209,SUB015
22CI147,SUB020
22ME086,SUB013
22ME446,SUB012
22EC148,SUB020
22EE425,SUB005
22CI226,SUB005
22ME306,SUB020
22EC312,SUB003
22CS332,SUB014
22EE452,SUB010
22EE234,SUB003
22EE308,SUB003
22CI081,SUB019
22CS034,SUB017
22ME239,SUB004
22EC312,SUB019
22CI295,SUB019
22ME302,SUB009
22EE210,SUB015
22ME431,SUB004
22CI331,SUB005
22ME292,SUB018
22EE187,SUB007
22CS007,SUB020
22CI201,SUB010
22CS448,SUB017
22EC311,SUB012
22ME002,SUB002
22ME213,SUB018
22EE417,SUB014
22ME155,SUB014
22EC311,SUB018
22ME460,SUB020
22ME239,SUB001
22CI397,SUB011
22ME023,SUB004
22EE445,SUB019
22EE223,SUB005
22CS400,SUB002
22EC068,SUB014
22ME016,SUB017
22EE466,SUB011
22EC399,SUB017
22CS101,SUB007
22EC396,SUB018
22EE349,SUB005
22CI120,SUB009
22CI494,SUB015
22ME371,SUB005
22CI012,SUB008
22CS098,SUB006
22EE436,SUB008
22EC383,SUB019
22EE329,SUB008
22CS276,SUB007
22EC218,SUB017
22EE179,SUB014
22ME213,SUB003
22CS342,SUB018
22CI197,SUB013
22ME151,SUB005
22CS244,SUB007
22EC163,SUB020
22EC238,SUB015
22CS222,SUB018
22CI337,SUB012
22EC163,SUB005
22EC163,SUB014
22CI434,SUB020
22CI428,SUB003
22EC279,SUB007
22EC351,SUB012
22EE318,SUB009
22CI325,SUB001
22ME379,SUB019
22ME364,SUB020
22CI118,SUB007
22CI147,SUB003
22EE466,SUB012
22EC188,SUB013
22EE406,SUB008
22CI087,SUB018
22CI085,SUB010
22EC146,SUB012
22EE128,SUB008
22ME320,SUB010
22ME477,SUB011
22EE225,SUB011
22EC423,SUB013
22CI085,SUB014
22ME086,SUB009
22CI212,SUB013
22CS125,SUB009
22EE001,SUB006
22EE264,SUB018
22CI434,SUB016
22EC167,SUB016
22EC247,SUB019
22ME450,SUB009
22ME478,SUB002
22EC090,SUB017
22ME379,SUB010
22CI313,SUB012
22EC146,SUB008
22EC476,SUB001
22EC495,SUB003
22CI449,SUB012
22CS411,SUB013
22ME240,SUB004
22EC270,SUB011
22CI345,SUB002
22CI235,SUB016
22CI071,SUB012
22ME301,SUB002
22CS030,SUB020
22ME463,SUB015
22EE344,SUB019
22EC335,SUB012
22CI120,SUB006
22EC278,SUB012
22EC056,SUB007
22CI468,SUB020
22EC381,SUB015
22CS415,SUB011
22EC263,SUB013
22CI271,SUB006
22CS125,SUB011
22ME304,SUB006
22CS386,SUB014
22CI385,SUB019
22ME477,SUB009
22EC172,SUB002
22CS489,SUB003
22ME302,SUB018
22EC204,SUB018
22EC154,SUB020
22ME298,SUB018
22CI295,SUB012
22EE405,SUB005
22ME045,SUB016
22ME133,SUB020
22CS480,SUB003
22CS093,SUB012
22EE373,SUB011
22CS164,SUB016
22CS022,SUB004
22ME499,SUB001
22CI226,SUB016
22EE457,SUB020
22ME144,SUB015
22EE225,SUB020
22CI426,SUB004
22EC075,SUB020
22EE305,SUB004
22ME077,SUB001
22EE246,SUB004
22CI428,SUB004
22CI127,SUB004
22ME327,SUB006
22CS377,SUB018
22EC163,SUB012
22ME205,SUB004
22ME471,SUB010
22ME379,SUB006
22EC440,SUB020
22EC160,SUB015
22CI052,SUB004
22CI280,SUB003
22EE216,SUB017
22CS116,SUB009
22EC192,SUB005
22CS493,SUB018
22CS480,SUB011
22ME416,SUB006
22EE296,SUB010
22EC393,SUB017
22EE234,SUB010
22ME253,SUB001
22EE245,SUB010
22ME211,SUB014
22EC204,SUB005
22EE290,SUB018
22ME205,SUB006
22EC299,SUB015
22EE234,SUB001
22EE229,SUB010
22CI053,SUB012
22CI333,SUB002
22CI313,SUB001
22EC283,SUB020
22EC435,SUB009
22EE128,SUB017
22ME407,SUB015
22CS069,SUB014
22ME470,SUB006
22CI201,SUB004
22CI336,SUB020
22EE347,SUB008
22ME251,SUB009
22EC249,SUB010
22CI346,SUB015
22EE024,SUB016
22EE001,SUB001
22ME478,SUB018
22CS309,SUB019
22CI428,SUB019
22CS244,SUB017
22CS221,SUB020
22EC427,SUB009
22CI074,SUB005
22CS094,SUB008
22CI395,SUB013
22CI337,SUB007
22EC233,SUB009
22ME086,SUB017
22EC338,SUB016
22EC399,SUB014
22EE356,SUB009
22EE373,SUB012
22EC249,SUB008
22CI354,SUB004
22EE252,SUB007
22EE361,SUB017
22CI168,SUB009
22CS034,SUB010
22EE182,SUB002
22CS322,SUB014
22CI183,SUB018
22CS411,SUB015
22CI397,SUB005
22EC135,SUB011
22EC152,SUB001
22EE193,SUB018
22ME298,SUB014
22ME215,SUB004
22CS309,SUB012
22EE443,SUB006
22EE100,SUB016
22CI028,SUB014
22EE182,SUB009
22EE018,SUB018
22ME431,SUB019
22EE161,SUB006
22EC218,SUB019
22CI269,SUB001
22CS098,SUB020
22CS475,SUB014
22CI081,SUB008
22EE461,SUB014
22EE484,SUB013
22EE264,SUB017
22EC184,SUB016
22CI334,SUB008
22CI491,SUB012
22EC139,SUB005
22ME017,SUB006
22CI426,SUB012
22CI492,SUB016
22EE055,SUB006
22EC148,SUB019
22EE417,SUB017
22EE461,SUB020
22ME414,SUB014
22CS339,SUB010
22CS173,SUB002
22ME439,SUB014
22EC284,SUB006
22CS150,SUB014
22EC335,SUB011
22CI009,SUB010
22EC381,SUB013
22ME103,SUB002
22CI248,SUB016
22EC262,SUB020
22EC263,SUB008
22EC163,SUB008
22EC495,SUB002
22CS276,SUB003
22CS498,SUB012
22CS339,SUB013
22EE465,SUB008
22CI009,SUB019
22EE330,SUB018
22EC341,SUB019
22CS112,SUB019
22ME407,SUB014
22EC247,SUB005
22EE422,SUB019
22EE405,SUB009
22EC202,SUB006
22CI074,SUB012
22EE366,SUB009
22CS191,SUB015
22ME144,SUB004
22CS048,SUB007
22ME304,SUB010
22EC335,SUB014
22CS109,SUB002
22CI021,SUB003
22EC438,SUB008
22CI346,SUB020
22CS175,SUB017
22EC281,SUB007
22EE305,SUB005
22CI468,SUB010
22EC314,SUB010
22CS092,SUB007
22EC282,SUB003
22CI197,SUB005
22CS026,SUB008
22CI028,SUB009
22CI492,SUB006
22ME047,SUB014
22CI491,SUB018
22CS130,SUB005
22EC482,SUB003
22CS258,SUB013
22ME084,SUB007
22CI426,SUB017
22EC341,SUB011
22EC455,SUB016
22CS191,SUB019
22EC262,SUB007
22CS429,SUB006
22ME374,SUB011
22CS173,SUB010
22CI433,SUB006
22CS360,SUB009
22CS206,SUB016
22CI419,SUB005
22CS400,SUB004
22CS222,SUB013
22ME460,SUB005
22ME327,SUB016
22EE373,SUB003
22ME027,SUB009
22ME077,SUB017
22CI357,SUB002
22EC172,SUB007
22CI214,SUB016
22CS441,SUB018
22CI019,SUB015
22EC152,SUB015
22EE229,SUB013
22EE305,SUB018
22CS007,SUB018
22CI127,SUB008
22CI067,SUB008
22EE261,SUB002
22CS025,SUB003
22CS326,SUB005
22EC435,SUB008
22CI118,SUB014
22ME304,SUB004
22EE465,SUB017
22CI147,SUB004
22CI273,SUB018
22CS165,SUB007
22EE153,SUB006
22ME151,SUB008
22ME046,SUB002
22CI111,SUB012
22CS007,SUB008
22CS134,SUB015
22CI052,SUB017
22CS221,SUB014
22EC462,SUB019
22ME304,SUB017
22CI201,SUB011
22CI107,SUB016
22CS459,SUB015
22CI494,SUB017
22EE474,SUB008
22EE242,SUB020
22CS005,SUB015
22EC136,SUB018
22ME414,SUB011
22EE008,SUB006
22EE484,SUB003
22CI333,SUB004
22EE485,SUB002
22EC495,SUB008
22ME189,SUB002
22EE185,SUB009
22CI088,SUB018
22EE224,SUB018
22EC348,SUB017
22EC315,SUB018
22EC442,SUB017
22CS098,SUB011
22CI095,SUB014
22ME327,SUB004
22EC444,SUB001
22EE329,SUB004
22CS475,SUB005
22CS069,SUB003
22EE356,SUB005
22EC343,SUB001
22CI483,SUB003
22EE488,SUB017
22EC041,SUB015
22EE079,SUB010
22CI166,SUB019
22CS116,SUB008
22CS143,SUB019
22EC106,SUB003
22CS005,SUB004
22ME477,SUB007
22ME446,SUB015
22ME046,SUB015
22CS010,SUB012
22ME189,SUB020
22CS164,SUB010
22CS040,SUB009
22EC278,SUB018
22ME155,SUB006
22CS467,SUB015
22CI039,SUB003
22EC126,SUB014
22EE485,SUB003
22ME196,SUB011
22ME379,SUB015
22EC435,SUB020
22ME370,SUB004
22CI491,SUB006
22EC126,SUB020
22EE368,SUB012
22EE072,SUB018
22CI095,SUB010
22CS467,SUB004
22CS486,SUB017
22EE344,SUB005
22CI145,SUB016
22CI334,SUB002
22CS355,SUB011
22EC380,SUB006
22ME144,SUB018
22CS069,SUB017
22CI168,SUB010
22ME243,SUB007
22EC035,SUB003
22CI280,SUB008
22EE161,SUB013
22EE024,SUB002
22EC335,SUB010
22CS409,SUB006
22EC413,SUB010
22ME450,SUB012
22EE484,SUB019
22CI208,SUB014
22EE209,SUB011
22CI303,SUB007
22EE443,SUB013
22CS030,SUB003
22EC278,SUB019
22CS424,SUB009
22ME375,SUB017
22EC068,SUB002
22ME144,SUB009
22EE261,SUB019
22ME014,SUB011
22ME205,SUB001
22CS453,SUB001
22ME070,SUB017
22CI323,SUB005
22CI333,SUB015
22CI494,SUB016
22EE223,SUB013
22CS453,SUB006
22ME181,SUB007
22EC160,SUB007
22ME463,SUB012
22ME002,SUB004
22EE210,SUB014
22ME086,SUB010
22CS448,SUB015
22EC473,SUB015
22CI089,SUB008
22EC227,SUB013
22CS408,SUB018
22EC262,SUB011
22ME292,SUB020
22CS307,SUB002
22EE436,SUB003
22EE404,SUB015
22EE290,SUB017
22CS010,SUB011
22ME237,SUB014
22CS109,SUB012
22ME027,SUB006
22CI412,SUB010
22CI044,SUB008
22EE100,SUB017
22CS276,SUB010
22CS064,SUB001
22EE291,SUB006
22EC393,SUB003
22ME266,SUB020
22EE290,SUB016
22CI449,SUB008
22EC299,SUB007
22ME374,SUB018
22ME063,SUB014
22EE246,SUB018
22ME129,SUB006
22ME002,SUB007
22CI285,SUB018
22CS030,SUB006
22EE290,SUB001
22EE297,SUB008
22ME194,SUB020
22EC137,SUB017
22EC353,SUB015
22CI039,SUB001
22EE257,SUB007
22CS206,SUB006
22ME320,SUB002
22EC383,SUB007
22ME372,SUB015
22EE481,SUB019
22EC479,SUB002
22ME196,SUB004
22EE387,SUB017
22ME370,SUB003
22CS170,SUB018
22EE209,SUB008
22CI217,SUB014
22CI310,SUB020
22EC013,SUB006
22ME084,SUB013
22ME403,SUB013
22CI468,SUB003
22EE488,SUB013
22EE487,SUB004
22EE264,SUB010
22EE252,SUB013
22CI065,SUB015
22CS493,SUB002
22EC139,SUB011
22EC338,SUB006
22CI214,SUB012
22ME151,SUB014
22EC231,SUB020
22CI067,SUB011
22CI310,SUB011
22EE186,SUB016
22EE347,SUB001
22EE156,SUB015
22CI323,SUB019
22CS093,SUB013
22ME431,SUB016
22EE180,SUB001
22EE289,SUB011
22ME363,SUB009
22EC249,SUB014
22CI168,SUB012
22EE104,SUB015
22EE187,SUB003
22CI331,SUB010
22CS275,SUB017
22ME239,SUB014
22EE224,SUB014
22CI412,SUB009
22CS309,SUB006
22CS130,SUB013
22EE008,SUB007
22ME446,SUB007
22EE198,SUB006
22EE245,SUB002
22CS386,SUB004
22EE401,SUB017
22CS367,SUB012
22CI118,SUB012
22ME215,SUB011
22CS165,SUB006
22EC090,SUB018
22EC343,SUB010
22CS101,SUB020
22ME374,SUB019
22CS409,SUB002
22EC075,SUB012
22ME016,SUB007
22ME158,SUB017
22EC497,SUB012
22EE405,SUB008
22ME237,SUB013
22EC162,SUB006
22EC096,SUB012
22CI044,SUB006
22CS150,SUB009
22EE417,SUB006
22EE358,SUB005
22EE082,SUB015
22EC288,SUB001
22ME213,SUB005
22EC233,SUB010
22CI168,SUB005
22CI449,SUB003
22CI122,SUB016
22ME045,SUB015
22ME403,SUB001
22ME277,SUB015
22EC013,SUB013
22ME138,SUB016
22EE290,SUB009
22EE422,SUB010
22EC341,SUB017
22ME049,SUB019
22ME045,SUB006
22ME138,SUB018
22CI220,SUB016
22CI088,SUB003
22EC184,SUB020
22CI287,SUB016
22CI458,SUB006
22CI354,SUB005
22CI469,SUB012
22CI073,SUB020
22CI285,SUB003
22ME051,SUB005
22EE401,SUB010
22ME023,SUB014
22CI346,SUB001
22CI120,SUB015
22EC162,SUB005
22EC444,SUB004
22CI492,SUB001
22EE180,SUB013
22EC321,SUB009
22CS360,SUB017
22ME391,SUB008
22CI073,SUB017
22EC126,SUB001
22CI019,SUB008
22EC270,SUB006
22CS409,SUB013
22EC057,SUB020
22CS026,SUB019
22CI500,SUB002
22EE267,SUB019
22CS256,SUB010
22CS322,SUB013
22EE140,SUB020
22CS221,SUB004
22EE061,SUB004
22EC035,SUB018
22ME181,SUB003
22ME243,SUB016
22ME181,SUB009
22CS475,SUB008
22EE037,SUB012
22CI494,SUB006
22CI337,SUB018
22EE008,SUB020
22EE245,SUB004
22EE223,SUB009
22CI468,SUB007
22EE358,SUB008
22EC218,SUB015
22ME070,SUB007
22EC278,SUB008
22EE079,SUB016
22CI340,SUB015
22EE209,SUB012
22ME371,SUB006
22EE452,SUB008
22ME144,SUB006
22EE365,SUB006
22EC172,SUB012
22ME266,SUB010
22EE274,SUB006
22EC420,SUB002
22EE267,SUB017
22ME371,SUB011
22EE076,SUB008
22CI345,SUB010
22CS026,SUB010
22ME277,SUB008
22ME364,SUB007
22ME158,SUB005
22ME293,SUB016
22ME477,SUB015
22EE472,SUB004
22EE252,SUB015
22CI397,SUB020
22ME171,SUB005
22EE373,SUB004
22CI232,SUB012
22CS221,SUB010
22CS451,SUB012
22EC172,SUB004
22EE161,SUB011
22EC497,SUB014
22EC420,SUB013
22ME431,SUB018
22ME194,SUB016
22EE290,SUB012
22EE117,SUB007
22EE356,SUB019
22CI280,SUB009
22CS150,SUB008
22EC157,SUB010
22EC218,SUB011
22EC418,SUB008
22EE061,SUB016
22CS206,SUB012
22EE289,SUB008
22CI325,SUB020
22EE061,SUB020
22CI362,SUB003
22EC035,SUB010
22ME058,SUB019
22CI340,SUB004
22CS034,SUB014
22ME046,SUB012
22EC300,SUB002
22EE018,SUB020
22ME110,SUB012
22CI492,SUB011
22EE113,SUB002
22CI120,SUB003
22ME023,SUB012
22EC281,SUB013
22CI214,SUB011
22EC270,SUB019
22ME265,SUB002
22EE297,SUB003
22CS441,SUB011
22ME016,SUB012
22CI220,SUB005
22ME058,SUB005
22EE330,SUB007
22EE445,SUB011
22ME070,SUB014
22CI029,SUB017
22ME450,SUB018
22CS230,SUB015
22EC199,SUB013
22EE246,SUB001
22EE387,SUB001
22EE185,SUB019
22CS112,SUB015
22ME063,SUB002
22EE024,SUB013
22EC227,SUB002
22EC106,SUB018
22EC059,SUB008
22EE308,SUB001
22CI469,SUB013
22EE252,SUB012
22CI201,SUB002
22EE436,SUB018
22EE404,SUB017
22EE061,SUB017
22EE186,SUB002
22CI208,SUB003
22EC440,SUB002
22EE398,SUB010
